<?xml version="1.0" encoding="utf-8" standalone="no"?>
<problem revision="14" short-name="mult-xor-graph" url="https://polygon.codeforces.com/p9WPSVo/adanilyuk/mult-xor-graph">
    <names>
        <name language="russian" value="Граф на числах"/>
    </names>
    <statements>
        <statement charset="UTF-8" language="russian" mathjax="true" path="statements/russian/problem.tex" type="application/x-tex"/>
        <statement charset="UTF-8" language="russian" mathjax="true" path="statements/.html/russian/problem.html" type="text/html"/>
        <statement language="russian" path="statements/.pdf/russian/problem.pdf" type="application/pdf"/>
    </statements>
    <judging cpu-name="Intel(R) Core(TM) i3-8100 CPU @ 3.60GHz" cpu-speed="3600" input-file="" output-file="">
        <testset name="tests">
            <time-limit>2000</time-limit>
            <memory-limit>268435456</memory-limit>
            <test-count>120</test-count>
            <input-path-pattern>tests/%02d</input-path-pattern>
            <answer-path-pattern>tests/%02d.a</answer-path-pattern>
            <tests>
                <test group="0" method="manual" points="0.0" sample="true"/>
                <test group="1" method="manual" points="5.0"/>
                <test group="2" method="manual" points="5.0"/>
                <test cmd="gen_print 1 2" group="3" method="generated" points="0.0"/>
                <test cmd="gen_print 1 3" group="3" method="generated" points="0.0"/>
                <test cmd="gen_print 1 4" group="3" method="generated" points="0.0"/>
                <test cmd="gen_print 1 5" group="3" method="generated" points="0.0"/>
                <test cmd="gen_print 1 6" group="3" method="generated" points="0.0"/>
                <test cmd="gen_print 1 7" group="3" method="generated" points="0.0"/>
                <test cmd="gen_print 2 1" group="3" method="generated" points="0.0"/>
                <test cmd="gen_print 2 3" group="3" method="generated" points="0.0"/>
                <test cmd="gen_print 2 4" group="3" method="generated" points="0.0"/>
                <test cmd="gen_print 2 5" group="3" method="generated" points="0.0"/>
                <test cmd="gen_print 2 6" group="3" method="generated" points="0.0"/>
                <test cmd="gen_print 2 7" group="3" method="generated" points="0.0"/>
                <test cmd="gen_print 3 1" group="3" method="generated" points="0.0"/>
                <test cmd="gen_print 3 2" group="3" method="generated" points="0.0"/>
                <test cmd="gen_print 3 4" group="3" method="generated" points="0.0"/>
                <test cmd="gen_print 3 5" group="3" method="generated" points="0.0"/>
                <test cmd="gen_print 3 6" group="3" method="generated" points="0.0"/>
                <test cmd="gen_print 3 7" group="3" method="generated" points="0.0"/>
                <test cmd="gen_print 4 1" group="3" method="generated" points="0.0"/>
                <test cmd="gen_print 4 2" group="3" method="generated" points="0.0"/>
                <test cmd="gen_print 4 3" group="3" method="generated" points="0.0"/>
                <test cmd="gen_print 4 5" group="3" method="generated" points="0.0"/>
                <test cmd="gen_print 4 6" group="3" method="generated" points="0.0"/>
                <test cmd="gen_print 4 7" group="3" method="generated" points="0.0"/>
                <test cmd="gen_print 5 1" group="3" method="generated" points="0.0"/>
                <test cmd="gen_print 5 2" group="3" method="generated" points="0.0"/>
                <test cmd="gen_print 5 3" group="3" method="generated" points="0.0"/>
                <test cmd="gen_print 5 4" group="3" method="generated" points="0.0"/>
                <test cmd="gen_print 5 6" group="3" method="generated" points="0.0"/>
                <test cmd="gen_print 5 7" group="3" method="generated" points="0.0"/>
                <test cmd="gen_print 6 1" group="3" method="generated" points="0.0"/>
                <test cmd="gen_print 6 2" group="3" method="generated" points="0.0"/>
                <test cmd="gen_print 6 3" group="3" method="generated" points="0.0"/>
                <test cmd="gen_print 6 4" group="3" method="generated" points="0.0"/>
                <test cmd="gen_print 6 5" group="3" method="generated" points="0.0"/>
                <test cmd="gen_print 6 7" group="3" method="generated" points="0.0"/>
                <test cmd="gen_print 7 1" group="3" method="generated" points="0.0"/>
                <test cmd="gen_print 7 2" group="3" method="generated" points="0.0"/>
                <test cmd="gen_print 7 3" group="3" method="generated" points="0.0"/>
                <test cmd="gen_print 7 4" group="3" method="generated" points="0.0"/>
                <test cmd="gen_print 7 5" group="3" method="generated" points="0.0"/>
                <test cmd="gen_print 7 6" group="3" method="generated" points="15.0"/>
                <test cmd="gen_print 12 14" group="4" method="generated" points="1.0"/>
                <test cmd="gen_print 10 7" group="4" method="generated" points="1.0"/>
                <test cmd="gen_print 12 4" group="4" method="generated" points="1.0"/>
                <test cmd="gen_print 6 25" group="4" method="generated" points="1.0"/>
                <test cmd="gen_print 18 22" group="4" method="generated" points="1.0"/>
                <test cmd="gen_print 23 20" group="4" method="generated" points="1.0"/>
                <test cmd="gen_print 35 39" group="4" method="generated" points="1.0"/>
                <test cmd="gen_print 21 52" group="4" method="generated" points="1.0"/>
                <test cmd="gen_print 43 29" group="4" method="generated" points="1.0"/>
                <test cmd="gen_print 37 1" group="4" method="generated" points="1.0"/>
                <test cmd="gen_print 75 57" group="4" method="generated" points="1.0"/>
                <test cmd="gen_print 21 124" group="4" method="generated" points="1.0"/>
                <test cmd="gen_print 107 88" group="4" method="generated" points="1.0"/>
                <test cmd="gen_print 48 90" group="4" method="generated" points="1.0"/>
                <test cmd="gen_print 58 126" group="4" method="generated" points="1.0"/>
                <test cmd="gen_print 169 255" group="4" method="generated" points="1.0"/>
                <test cmd="gen_print 219 187" group="4" method="generated" points="1.0"/>
                <test cmd="gen_print 207 14" group="4" method="generated" points="1.0"/>
                <test cmd="gen_print 174 189" group="4" method="generated" points="1.0"/>
                <test cmd="gen_print 54 243" group="4" method="generated" points="1.0"/>
                <test cmd="gen_print 63 248" group="4" method="generated" points="1.0"/>
                <test cmd="gen_print 130 484" group="4" method="generated" points="1.0"/>
                <test cmd="gen_print 306 134" group="4" method="generated" points="1.0"/>
                <test cmd="gen_print 20 328" group="4" method="generated" points="1.0"/>
                <test cmd="gen_print 166 273" group="4" method="generated" points="1.0"/>
                <test cmd="gen_print 387 88" group="4" method="generated" points="1.0"/>
                <test cmd="gen_print 315 13" group="4" method="generated" points="1.0"/>
                <test cmd="gen_print 241 1017" group="4" method="generated" points="1.0"/>
                <test cmd="gen_print 776 345" group="4" method="generated" points="1.0"/>
                <test cmd="gen_print 564 897" group="4" method="generated" points="1.0"/>
                <test cmd="gen_print 366 955" group="4" method="generated" points="1.0"/>
                <test cmd="gen_print 508 775" group="4" method="generated" points="1.0"/>
                <test cmd="gen_print 1966 34" group="4" method="generated" points="1.0"/>
                <test cmd="gen_print 205 1104" group="4" method="generated" points="1.0"/>
                <test cmd="gen_print 1955 1585" group="4" method="generated" points="1.0"/>
                <test cmd="gen_print 1895 1411" group="4" method="generated" points="1.0"/>
                <test cmd="gen_print 1025 1021" group="4" method="generated" points="1.0"/>
                <test cmd="gen_print 3461 2613" group="4" method="generated" points="1.0"/>
                <test cmd="gen_print 1129 3843" group="4" method="generated" points="1.0"/>
                <test cmd="gen_print 3893 1500" group="4" method="generated" points="1.0"/>
                <test cmd="gen_print 702 2449" group="4" method="generated" points="1.0"/>
                <test cmd="gen_print 6873 5675" group="4" method="generated" points="1.0"/>
                <test cmd="gen_print 161 4297" group="4" method="generated" points="1.0"/>
                <test cmd="gen_print 6413 8030" group="4" method="generated" points="1.0"/>
                <test cmd="gen_print 4911 3342" group="4" method="generated" points="1.0"/>
                <test cmd="gen_print 12743 7629" group="4" method="generated" points="1.0"/>
                <test cmd="gen_print 11990 9467" group="4" method="generated" points="1.0"/>
                <test cmd="gen_print 8529 878" group="4" method="generated" points="1.0"/>
                <test cmd="gen_print 9268 4887" group="4" method="generated" points="1.0"/>
                <test cmd="gen_print 12185 30936" group="4" method="generated" points="1.0"/>
                <test cmd="gen_print 21243 6331" group="4" method="generated" points="1.0"/>
                <test cmd="gen_print 8571 25068" group="4" method="generated" points="1.0"/>
                <test cmd="gen_print 39976 38044" group="4" method="generated" points="1.0"/>
                <test cmd="gen_print 51214 61228" group="4" method="generated" points="1.0"/>
                <test cmd="gen_print 49216 48984" group="4" method="generated" points="1.0"/>
                <test cmd="gen_print 120151 62592" group="4" method="generated" points="1.0"/>
                <test cmd="gen_print 67563 2695" group="4" method="generated" points="1.0"/>
                <test cmd="gen_print 124375 48190" group="4" method="generated" points="1.0"/>
                <test cmd="gen_print 136330 218610" group="4" method="generated" points="1.0"/>
                <test cmd="gen_print 39504 164231" group="4" method="generated" points="1.0"/>
                <test cmd="gen_print 300804 134633" group="4" method="generated" points="1.0"/>
                <test cmd="gen_print 288998 326649" group="4" method="generated" points="1.0"/>
                <test cmd="gen_print 628776 707611" group="4" method="generated" points="1.0"/>
                <test cmd="gen_print 284806 794824" group="4" method="generated" points="1.0"/>
                <test cmd="gen_print 1079111 996107" group="4" method="generated" points="1.0"/>
                <test cmd="gen_print 1424289 838688" group="4" method="generated" points="1.0"/>
                <test cmd="gen_print 351279 3011062" group="4" method="generated" points="1.0"/>
                <test cmd="gen_print 1870230 3747389" group="4" method="generated" points="1.0"/>
                <test cmd="gen_print 4142807 7988004" group="4" method="generated" points="1.0"/>
                <test cmd="gen_print 4683874 6245035" group="4" method="generated" points="1.0"/>
                <test cmd="gen_print 2121690 11380258" group="4" method="generated" points="1.0"/>
                <test cmd="gen_print 9909709 22178434" group="4" method="generated" points="1.0"/>
                <test cmd="gen_print 46321408 12796932" group="4" method="generated" points="1.0"/>
                <test cmd="gen_print 128965849 74023414" group="4" method="generated" points="1.0"/>
                <test cmd="gen_print 241787750 173660954" group="4" method="generated" points="1.0"/>
            </tests>
            <groups>
                <group feedback-policy="complete" name="0" points-policy="each-test"/>
                <group feedback-policy="complete" name="1" points-policy="each-test"/>
                <group feedback-policy="complete" name="2" points-policy="each-test"/>
                <group feedback-policy="complete" name="3" points="15.0" points-policy="complete-group"/>
                <group feedback-policy="complete" name="4" points-policy="each-test"/>
            </groups>
        </testset>
    </judging>
    <files>
        <resources>
            <file path="files/olymp.sty"/>
            <file path="files/problem.tex"/>
            <file path="files/statements.ftl"/>
            <file path="files/testlib.h" type="h.g++"/>
        </resources>
        <executables>
            <executable>
                <source path="files/check.cpp" type="cpp.g++17"/>
                <binary path="files/check.exe" type="exe.win32"/>
            </executable>
            <executable>
                <source path="files/gen_print.cpp" type="cpp.g++17"/>
                <binary path="files/gen_print.exe" type="exe.win32"/>
            </executable>
            <executable>
                <source path="files/val.cpp" type="cpp.g++17"/>
                <binary path="files/val.exe" type="exe.win32"/>
            </executable>
        </executables>
    </files>
    <assets>
        <checker type="testlib">
            <source path="files/check.cpp" type="cpp.g++17"/>
            <binary path="check.exe" type="exe.win32"/>
            <copy path="check.cpp" type="cpp.g++17"/>
            <testset>
                <test-count>4</test-count>
                <input-path-pattern>files/tests/checker-tests/%02d</input-path-pattern>
                <output-path-pattern>files/tests/checker-tests/%02d.o</output-path-pattern>
                <answer-path-pattern>files/tests/checker-tests/%02d.a</answer-path-pattern>
                <tests>
                    <test verdict="wrong-answer"/>
                    <test verdict="crashed"/>
                    <test verdict="wrong-answer"/>
                    <test verdict="ok"/>
                </tests>
            </testset>
        </checker>
        <validators>
            <validator>
                <source path="files/val.cpp" type="cpp.g++17"/>
                <binary path="files/val.exe" type="exe.win32"/>
                <testset>
                    <test-count>12</test-count>
                    <input-path-pattern>files/tests/validator-tests/%02d</input-path-pattern>
                    <tests>
                        <test verdict="invalid"/>
                        <test verdict="valid"/>
                        <test verdict="invalid"/>
                        <test verdict="valid"/>
                        <test verdict="valid"/>
                        <test verdict="invalid"/>
                        <test verdict="valid"/>
                        <test verdict="invalid"/>
                        <test verdict="valid"/>
                        <test verdict="invalid"/>
                        <test verdict="invalid"/>
                        <test verdict="valid"/>
                    </tests>
                </testset>
            </validator>
        </validators>
        <solutions>
            <solution tag="main">
                <source path="solutions/umnik_ac.cpp" type="cpp.g++17"/>
                <binary path="solutions/umnik_ac.exe" type="exe.win32"/>
                <extra-tags>
                    <extra-tag group="1" tag="accepted"/>
                    <extra-tag group="2" tag="accepted"/>
                    <extra-tag group="3" tag="accepted"/>
                    <extra-tag group="4" tag="accepted"/>
                </extra-tags>
            </solution>
            <solution tag="wrong-answer">
                <source path="solutions/umnik_bfs.cpp" type="cpp.g++17"/>
                <binary path="solutions/umnik_bfs.exe" type="exe.win32"/>
                <extra-tags>
                    <extra-tag group="1" tag="accepted"/>
                    <extra-tag group="2" tag="accepted"/>
                    <extra-tag group="3" tag="accepted"/>
                    <extra-tag group="4" tag="accepted"/>
                </extra-tags>
            </solution>
            <solution tag="wrong-answer">
                <source path="solutions/umnik_dfs.cpp" type="cpp.g++17"/>
                <binary path="solutions/umnik_dfs.exe" type="exe.win32"/>
                <extra-tags>
                    <extra-tag group="1" tag="accepted"/>
                    <extra-tag group="2" tag="accepted"/>
                    <extra-tag group="3" tag="accepted"/>
                    <extra-tag group="4" tag="accepted"/>
                </extra-tags>
            </solution>
            <solution tag="wrong-answer">
                <source path="solutions/umnik_rand.cpp" type="cpp.g++17"/>
                <binary path="solutions/umnik_rand.exe" type="exe.win32"/>
                <extra-tags>
                    <extra-tag group="1" tag="accepted"/>
                    <extra-tag group="2" tag="accepted"/>
                    <extra-tag group="3" tag="accepted"/>
                </extra-tags>
            </solution>
        </solutions>
    </assets>
    <properties>
        <property name="tests-wellformed" value="true"/>
    </properties>
    <stresses>
        <stress-count>0</stress-count>
        <stress-path-pattern>stresses/%03d</stress-path-pattern>
        <list/>
    </stresses>
    <tags>
        <tag value="constructive"/>
    </tags>
</problem>
