{"scoring":"%Группа 0~--- тест из условия~--- 0 баллов.\r\n%\r\n%Группа 1~--- $s=1, t=2$~--- 5 баллов.\r\n%\r\n%Группа 2~--- $s=3, t=5$~--- 5 баллов.\r\n%\r\n%Группа 3~--- $s, t \\le 7$~--- 15 баллов.\r\n%\\renewcommand{\\arraystretch}{1.5}\r\n%\\begin{tabular}{|c|c|c|c|c|}\r\n%\\hline\r\n%Подзадача & Баллы & Ограничения & Оценка & Необх. подзадачи\r\n%\\\\ \\hline\r\n%0   & 0 & Тесты из условия & подзадача & {---}\r\n%\\\\ \\hline\r\n%1   & 5 & $s=1, t=2$ & подзадача & {---}\r\n%\\\\ \\hline\r\n%2   & 5 & $s=3, t=5$ & подзадача & {---}\r\n%\\\\ \\hline\r\n%3   & 15 & $s, t \\le 7$ & подзадача & {---}\r\n%\\\\ \\hline\r\n%4   & 75 & Дополнительных ограничений нет & потестовая & {---}\r\n%\\\\ \\hline\r\n%\\end{tabular}\r\n\\includegraphics{scoreG.png}\r\n\r\nЧетвертая группа состоит из 75 тестов, в которых $\\max(s, t)$ постепенно (не обязательно линейно) возрастает до $2^{28}$, все эти тесты оцениваются независимо в 1 балл.","notes":"Напомним, что результатом XOR-суммы двух чисел $x$ и $y$ является число такое, что его $i$-й бит равен $1$ тогда и только тогда, когда $i$-й бит чисел $x$ и $y$ различается.\r\n\r\nВ тесте из условия вес приведённого пути равен $(2 \\cdot 1) \\oplus (1 \\cdot 1) \\oplus (1 \\cdot 3) = 0$. Очевидно, этот вес является минимальным.","legend":"Построим полный граф на всех целых положительных числах. Весом ребра $(uv)$ является произведение $u \\cdot v$. В графе есть все ребра, включая петли. Весом пути является XOR-сумма весов ребер этого пути.\r\n\r\nДаны две вершины $s$ и $t$. Постройте путь между ними, имеющий минимальный вес.","authorLogin":"adanilyuk","language":"russian","timeLimit":2000,"output":"В первой строке выведите одно число~--- количество вершин в пути. Во второй строке выведите номера вершин пути в том порядке, в котором путь их проходит. Разделяйте номера вершин пробелами.\r\n\r\nЗапрещено использовать ребра веса больше $2^{62} - 1$.\r\n\r\nОбратите внимание, что вам не нужно минимизировать количество ребер в пути, однако количество ребер в пути не должно превышать $2 \\cdot 10^{5}$. Гарантируется, что в ограничениях задачи существует оптимальный путь, содержащий не более $10^{4}$ ребер.","inputFile":"stdin","outputFile":"stdout","input":"В единственной строке ввода записаны целые положительные числа $s$ и $t$ ($1 \\le s, t < 2^{28}$, $s \\ne t$)~--- вершины, между которыми нужно проложить путь.","authorName":"Alex Danilyuk","sampleTests":[{"output":"4\r\n2 1 1 3\r\n","input":"2 3\r\n","inputFile":"example.01","outputFile":"example.01.a"}],"name":"Граф на числах","interaction":null,"memoryLimit":268435456,"tutorial":""}