{"scoring":"%Группа 0~--- тесты из условия~--- 0 баллов.\r\n%\r\n%Группа 1~--- $m \\le 10^{3}$~--- 20 баллов.\r\n%\r\n%Группа 2~--- $m \\le 10^{6}$~--- 40 баллов.\r\n%\r\n%Группа 3~--- $m \\le 10^{12}$~--- 60 баллов.\r\n%\r\n%Группа 4~--- $m \\le 10^{18}$~--- 100 баллов.\r\n%\\renewcommand{\\arraystretch}{1.5}\r\n%\\begin{tabular}{|c|c|c|c|c|}\r\n%\\hline\r\n%Подзадача & Баллы & Ограничения & Оценка & Необх. подзадачи\r\n%\\\\ \\hline\r\n%0   & 0 & Тесты из условия & подзадача & {---}\r\n%\\\\ \\hline\r\n%1   & 20 & $m \\le 10^{3}$ & подзадача & {---}\r\n%\\\\ \\hline\r\n%2   & 20 & $m \\le 10^{6}$ & подзадача & {1}\r\n%\\\\ \\hline\r\n%3   & 20 & $m \\le 10^{12}$ & подзадача & {1, 2}\r\n%\\\\ \\hline\r\n%4   & 40 & Дополнительных ограничений нет & подзадача & {1, 2, 3}\r\n%\\\\ \\hline\r\n%\\end{tabular}\r\n\\includegraphics{scoreF.png}","notes":"Один из оптимальных наборов для теста из условия: $\\{2, 6, 24\\}$, для него $x=3$.","legend":"Пытаясь найти свою сумку, которая куда-то исчезла, вы наткнулись на кошкодевочку. Из разговора с ней вы узнали, что её набор матрешек куда-то исчез, и осталась только самая большая матрешка. Она очень грустила, и вы решили ей помочь. Но для того, чтобы вам было проще найти все матрешки, вы хотите составить план поиска. А именно, узнать количество матрешек в наборе.\r\n\r\nВсе, что вы знаете,~--- размер матрешки, которая осталась у кошкодевочки, а также что все размеры были целыми положительными числами. Кроме того, кошкодевочка еще и вывела формулу для нахождения веса матрешки! Если вы отсортируете все матрешки по возрастанию размера и пронумеруете в этом порядке, начиная с единицы, то размер матрешки $i$ (при $i > 1$) будет вычисляться по формуле: $$\\left( \\sum \\limits_{j=1}^{j < i} w_{j} \\right) \\cdot x$$\r\nЗдесь $w_{j}$~--- размер $j$-й по размеру матрешки, $x$~--- параметр набора матрешек, $x \\ge 2$. Обратите внимание, что размер первой матрешки может быть любым.\r\n\r\nКошкодевочка еще вам сообщила, что среди всех возможных наборов матрешек, в котором могла находиться оставшаяся матрешка, набор матрешек кошкодевочки имел максимально возможный размер.\r\n\r\nВаша задача~--- найти  максимально возможный размер набора матрешек, в котором оставшаяся матрешка была бы самой большой.","authorLogin":"index_","language":"russian","timeLimit":1000,"output":"Вы должны вывести одно целое положительное число~--- максимальный размер набора.","inputFile":"stdin","outputFile":"stdout","input":"В единственной строке записано одно целое число $m$ ($2 \\le m \\le 10^{18}$)~--- размер оставшейся матрешки.","authorName":"index_","sampleTests":[{"output":"3","input":"24\r\n","inputFile":"example.01","outputFile":"example.01.a"}],"name":"Matryoshka","interaction":null,"memoryLimit":268435456,"tutorial":""}