<?xml version="1.0" encoding="utf-8" standalone="no"?>
<problem revision="24" short-name="physical-jerks" url="https://polygon.codeforces.com/p09LJfM/Happy_Stove/physical-jerks">
    <names>
        <name language="russian" value="Все мы любим зарядку..."/>
    </names>
    <statements>
        <statement charset="UTF-8" language="russian" mathjax="true" path="statements/russian/problem.tex" type="application/x-tex"/>
        <statement charset="UTF-8" language="russian" mathjax="true" path="statements/.html/russian/problem.html" type="text/html"/>
        <statement language="russian" path="statements/.pdf/russian/problem.pdf" type="application/pdf"/>
    </statements>
    <judging cpu-name="Intel(R) Core(TM) i3-8100 CPU @ 3.60GHz" cpu-speed="3600" input-file="" output-file="">
        <testset name="tests">
            <time-limit>2000</time-limit>
            <memory-limit>268435456</memory-limit>
            <test-count>70</test-count>
            <input-path-pattern>tests/%02d</input-path-pattern>
            <answer-path-pattern>tests/%02d.a</answer-path-pattern>
            <tests>
                <test group="0" method="manual" points="0.0" sample="true"/>
                <test group="0" method="manual" points="0.0" sample="true"/>
                <test group="1" method="manual" points="0.0"/>
                <test group="1" method="manual" points="0.0"/>
                <test group="1" method="manual" points="0.0"/>
                <test group="1" method="manual" points="0.0"/>
                <test group="1" method="manual" points="0.0"/>
                <test group="1" method="manual" points="0.0"/>
                <test group="1" method="manual" points="0.0"/>
                <test group="1" method="manual" points="0.0"/>
                <test group="1" method="manual" points="0.0"/>
                <test group="1" method="manual" points="20.0"/>
                <test cmd="gen_rand 1000 1 13 25" from-file="13" group="2" method="generated" points="0.0"/>
                <test cmd="gen_rand 1000 1 13 25" from-file="14" group="2" method="generated" points="0.0"/>
                <test cmd="gen_rand 1000 1 13 25" from-file="15" group="2" method="generated" points="0.0"/>
                <test cmd="gen_rand 1000 1 13 25" from-file="16" group="2" method="generated" points="0.0"/>
                <test cmd="gen_rand 1000 1 13 25" from-file="17" group="2" method="generated" points="0.0"/>
                <test cmd="gen_rand 1000 1 13 25" from-file="18" group="2" method="generated" points="0.0"/>
                <test cmd="gen_rand 1000 1 13 25" from-file="19" group="2" method="generated" points="0.0"/>
                <test cmd="gen_rand 1000 1 13 25" from-file="20" group="2" method="generated" points="0.0"/>
                <test cmd="gen_rand 1000 1 13 25" from-file="21" group="2" method="generated" points="0.0"/>
                <test cmd="gen_rand 1000 1 13 25" from-file="22" group="2" method="generated" points="0.0"/>
                <test cmd="gen_rand 1000 1 13 25" from-file="23" group="2" method="generated" points="0.0"/>
                <test cmd="gen_rand 1000 1 13 25" from-file="24" group="2" method="generated" points="0.0"/>
                <test cmd="gen_rand 1000 1 13 25" from-file="25" group="2" method="generated" points="0.0"/>
                <test cmd="gen_max 10000 1" group="2" method="generated" points="0.0"/>
                <test cmd="gen_rand 100000 1 27 39" from-file="27" group="2" method="generated" points="0.0"/>
                <test cmd="gen_rand 100000 1 27 39" from-file="28" group="2" method="generated" points="0.0"/>
                <test cmd="gen_rand 100000 1 27 39" from-file="29" group="2" method="generated" points="0.0"/>
                <test cmd="gen_rand 100000 1 27 39" from-file="30" group="2" method="generated" points="0.0"/>
                <test cmd="gen_rand 100000 1 27 39" from-file="31" group="2" method="generated" points="0.0"/>
                <test cmd="gen_rand 100000 1 27 39" from-file="32" group="2" method="generated" points="0.0"/>
                <test cmd="gen_rand 100000 1 27 39" from-file="33" group="2" method="generated" points="0.0"/>
                <test cmd="gen_rand 100000 1 27 39" from-file="34" group="2" method="generated" points="0.0"/>
                <test cmd="gen_rand 100000 1 27 39" from-file="35" group="2" method="generated" points="0.0"/>
                <test cmd="gen_rand 100000 1 27 39" from-file="36" group="2" method="generated" points="0.0"/>
                <test cmd="gen_rand 100000 1 27 39" from-file="37" group="2" method="generated" points="0.0"/>
                <test cmd="gen_rand 100000 1 27 39" from-file="38" group="2" method="generated" points="0.0"/>
                <test cmd="gen_rand 100000 1 27 39" from-file="39" group="2" method="generated" points="0.0"/>
                <test cmd="gen_max 100000 1" group="2" method="generated" points="40.0"/>
                <test cmd="gen_rand 1000 2 41 55" from-file="41" group="3" method="generated" points="0.0"/>
                <test cmd="gen_rand 1000 2 41 55" from-file="42" group="3" method="generated" points="0.0"/>
                <test cmd="gen_rand 1000 2 41 55" from-file="43" group="3" method="generated" points="0.0"/>
                <test cmd="gen_rand 1000 2 41 55" from-file="44" group="3" method="generated" points="0.0"/>
                <test cmd="gen_rand 1000 2 41 55" from-file="45" group="3" method="generated" points="0.0"/>
                <test cmd="gen_rand 1000 2 41 55" from-file="46" group="3" method="generated" points="0.0"/>
                <test cmd="gen_rand 1000 2 41 55" from-file="47" group="3" method="generated" points="0.0"/>
                <test cmd="gen_rand 1000 2 41 55" from-file="48" group="3" method="generated" points="0.0"/>
                <test cmd="gen_rand 1000 2 41 55" from-file="49" group="3" method="generated" points="0.0"/>
                <test cmd="gen_rand 1000 2 41 55" from-file="50" group="3" method="generated" points="0.0"/>
                <test cmd="gen_rand 1000 2 41 55" from-file="51" group="3" method="generated" points="0.0"/>
                <test cmd="gen_rand 1000 2 41 55" from-file="52" group="3" method="generated" points="0.0"/>
                <test cmd="gen_rand 1000 2 41 55" from-file="53" group="3" method="generated" points="0.0"/>
                <test cmd="gen_rand 1000 2 41 55" from-file="54" group="3" method="generated" points="0.0"/>
                <test cmd="gen_rand 1000 2 41 55" from-file="55" group="3" method="generated" points="0.0"/>
                <test cmd="gen_max 10000 2" group="3" method="generated" points="0.0"/>
                <test cmd="gen_rand 100000 2 57 69" from-file="57" group="3" method="generated" points="0.0"/>
                <test cmd="gen_rand 100000 2 57 69" from-file="58" group="3" method="generated" points="0.0"/>
                <test cmd="gen_rand 100000 2 57 69" from-file="59" group="3" method="generated" points="0.0"/>
                <test cmd="gen_rand 100000 2 57 69" from-file="60" group="3" method="generated" points="0.0"/>
                <test cmd="gen_rand 100000 2 57 69" from-file="61" group="3" method="generated" points="0.0"/>
                <test cmd="gen_rand 100000 2 57 69" from-file="62" group="3" method="generated" points="0.0"/>
                <test cmd="gen_rand 100000 2 57 69" from-file="63" group="3" method="generated" points="0.0"/>
                <test cmd="gen_rand 100000 2 57 69" from-file="64" group="3" method="generated" points="0.0"/>
                <test cmd="gen_rand 100000 2 57 69" from-file="65" group="3" method="generated" points="0.0"/>
                <test cmd="gen_rand 100000 2 57 69" from-file="66" group="3" method="generated" points="0.0"/>
                <test cmd="gen_rand 100000 2 57 69" from-file="67" group="3" method="generated" points="0.0"/>
                <test cmd="gen_rand 100000 2 57 69" from-file="68" group="3" method="generated" points="0.0"/>
                <test cmd="gen_rand 100000 2 57 69" from-file="69" group="3" method="generated" points="0.0"/>
                <test cmd="gen_max 100000 2" group="3" method="generated" points="40.0"/>
            </tests>
            <groups>
                <group feedback-policy="complete" name="0" points-policy="each-test"/>
                <group feedback-policy="complete" name="1" points="20.0" points-policy="complete-group"/>
                <group feedback-policy="complete" name="2" points="40.0" points-policy="complete-group"/>
                <group feedback-policy="complete" name="3" points="40.0" points-policy="complete-group"/>
            </groups>
        </testset>
    </judging>
    <files>
        <resources>
            <file path="files/olymp.sty"/>
            <file path="files/problem.tex"/>
            <file path="files/statements.ftl"/>
            <file path="files/testlib.h" type="h.g++"/>
        </resources>
        <executables>
            <executable>
                <source path="files/checker.cpp" type="cpp.g++17"/>
                <binary path="files/checker.exe" type="exe.win32"/>
            </executable>
            <executable>
                <source path="files/gen_max.cpp" type="cpp.g++17"/>
                <binary path="files/gen_max.exe" type="exe.win32"/>
            </executable>
            <executable>
                <source path="files/gen_rand.cpp" type="cpp.g++17"/>
                <binary path="files/gen_rand.exe" type="exe.win32"/>
            </executable>
            <executable>
                <source path="files/gen_rand2.cpp" type="cpp.g++17"/>
                <binary path="files/gen_rand2.exe" type="exe.win32"/>
            </executable>
            <executable>
                <source path="files/valid.cpp" type="cpp.g++17"/>
                <binary path="files/valid.exe" type="exe.win32"/>
            </executable>
        </executables>
    </files>
    <assets>
        <checker type="testlib">
            <source path="files/checker.cpp" type="cpp.g++17"/>
            <binary path="check.exe" type="exe.win32"/>
            <copy path="check.cpp" type="cpp.g++17"/>
            <testset>
                <test-count>5</test-count>
                <input-path-pattern>files/tests/checker-tests/%02d</input-path-pattern>
                <output-path-pattern>files/tests/checker-tests/%02d.o</output-path-pattern>
                <answer-path-pattern>files/tests/checker-tests/%02d.a</answer-path-pattern>
                <tests>
                    <test verdict="ok"/>
                    <test verdict="crashed"/>
                    <test verdict="wrong-answer"/>
                    <test verdict="crashed"/>
                    <test verdict="wrong-answer"/>
                </tests>
            </testset>
        </checker>
        <validators>
            <validator>
                <source path="files/valid.cpp" type="cpp.g++17"/>
                <binary path="files/valid.exe" type="exe.win32"/>
                <testset>
                    <test-count>8</test-count>
                    <input-path-pattern>files/tests/validator-tests/%02d</input-path-pattern>
                    <tests>
                        <test verdict="invalid"/>
                        <test verdict="invalid"/>
                        <test verdict="invalid"/>
                        <test verdict="valid"/>
                        <test verdict="valid"/>
                        <test verdict="invalid"/>
                        <test verdict="invalid"/>
                        <test verdict="invalid"/>
                    </tests>
                </testset>
            </validator>
        </validators>
        <solutions>
            <solution tag="time-limit-exceeded">
                <source path="solutions/bubble_sort.cpp" type="cpp.g++17"/>
                <binary path="solutions/bubble_sort.exe" type="exe.win32"/>
                <extra-tags>
                    <extra-tag group="0" tag="accepted"/>
                    <extra-tag group="1" tag="accepted"/>
                    <extra-tag group="2" tag="time-limit-exceeded"/>
                    <extra-tag group="3" tag="time-limit-exceeded"/>
                </extra-tags>
            </solution>
            <solution tag="accepted">
                <source path="solutions/java_sol.java" type="java8"/>
                <binary path="solutions/java_sol.jar" type="jar"/>
                <extra-tags>
                    <extra-tag group="0" tag="accepted"/>
                    <extra-tag group="1" tag="accepted"/>
                    <extra-tag group="2" tag="accepted"/>
                    <extra-tag group="3" tag="accepted"/>
                </extra-tags>
            </solution>
            <solution tag="main">
                <source path="solutions/main.cpp" type="cpp.g++17"/>
                <binary path="solutions/main.exe" type="exe.win32"/>
                <extra-tags>
                    <extra-tag group="0" tag="accepted"/>
                    <extra-tag group="1" tag="accepted"/>
                    <extra-tag group="2" tag="accepted"/>
                    <extra-tag group="3" tag="accepted"/>
                </extra-tags>
            </solution>
            <solution tag="accepted">
                <source path="solutions/python_sol.py" type="python.3"/>
                <binary path="solutions/python_sol.pys3" type="pythonx.3"/>
                <extra-tags>
                    <extra-tag group="0" tag="accepted"/>
                    <extra-tag group="1" tag="accepted"/>
                    <extra-tag group="2" tag="accepted"/>
                    <extra-tag group="3" tag="accepted"/>
                </extra-tags>
            </solution>
            <solution tag="time-limit-exceeded">
                <source path="solutions/python_sol_slow.py" type="python.3"/>
                <binary path="solutions/python_sol_slow.pys3" type="pythonx.3"/>
                <extra-tags>
                    <extra-tag group="0" tag="accepted"/>
                    <extra-tag group="1" tag="accepted"/>
                    <extra-tag group="2" tag="time-limit-exceeded"/>
                    <extra-tag group="3" tag="time-limit-exceeded"/>
                </extra-tags>
            </solution>
        </solutions>
    </assets>
    <properties>
        <property name="tests-wellformed" value="true"/>
    </properties>
    <stresses>
        <stress-count>1</stress-count>
        <stress-path-pattern>stresses/%03d</stress-path-pattern>
        <list>
            <stress index="1" path="stresses/001"/>
        </list>
    </stresses>
    <tags>
        <tag value="sorting"/>
    </tags>
</problem>
