<?xml version="1.0" encoding="utf-8" standalone="no"?>
<problem revision="12" short-name="tree-check" url="https://polygon.codeforces.com/p0LD4Eo/perveevm/tree-check">
    <names>
        <name language="russian" value="Валидатор"/>
    </names>
    <statements>
        <statement charset="UTF-8" language="russian" mathjax="true" path="statements/russian/problem.tex" type="application/x-tex"/>
        <statement charset="UTF-8" language="russian" mathjax="true" path="statements/.html/russian/problem.html" type="text/html"/>
        <statement language="russian" path="statements/.pdf/russian/problem.pdf" type="application/pdf"/>
    </statements>
    <judging cpu-name="Intel(R) Core(TM) i3-8100 CPU @ 3.60GHz" cpu-speed="3600" input-file="" output-file="">
        <testset name="tests">
            <time-limit>1000</time-limit>
            <memory-limit>268435456</memory-limit>
            <test-count>52</test-count>
            <input-path-pattern>tests/%02d</input-path-pattern>
            <answer-path-pattern>tests/%02d.a</answer-path-pattern>
            <tests>
                <test group="0" method="manual" points="0.0" sample="true"/>
                <test group="0" method="manual" points="0.0" sample="true"/>
                <test group="1" method="manual" points="2.0"/>
                <test cmd="gen_rand 10 100 4 15" from-file="4" group="1" method="generated" points="2.0"/>
                <test cmd="gen_rand 10 100 4 15" from-file="5" group="1" method="generated" points="2.0"/>
                <test cmd="gen_rand 10 100 4 15" from-file="6" group="1" method="generated" points="2.0"/>
                <test cmd="gen_rand 10 100 4 15" from-file="7" group="1" method="generated" points="2.0"/>
                <test cmd="gen_rand 10 100 4 15" from-file="8" group="1" method="generated" points="2.0"/>
                <test cmd="gen_rand 10 100 4 15" from-file="9" group="1" method="generated" points="2.0"/>
                <test cmd="gen_rand 10 100 4 15" from-file="10" group="1" method="generated" points="2.0"/>
                <test cmd="gen_rand 10 100 4 15" from-file="11" group="1" method="generated" points="2.0"/>
                <test cmd="gen_rand 10 100 4 15" from-file="12" group="1" method="generated" points="2.0"/>
                <test cmd="gen_rand 10 100 4 15" from-file="13" group="1" method="generated" points="2.0"/>
                <test cmd="gen_rand 10 100 4 15" from-file="14" group="1" method="generated" points="2.0"/>
                <test cmd="gen_rand 10 100 4 15" from-file="15" group="1" method="generated" points="2.0"/>
                <test cmd="gen_rand 400 100000 16 30" from-file="16" group="1" method="generated" points="2.0"/>
                <test cmd="gen_rand 400 100000 16 30" from-file="17" group="1" method="generated" points="2.0"/>
                <test cmd="gen_rand 400 100000 16 30" from-file="18" group="1" method="generated" points="2.0"/>
                <test cmd="gen_rand 400 100000 16 30" from-file="19" group="1" method="generated" points="2.0"/>
                <test cmd="gen_rand 400 100000 16 30" from-file="20" group="1" method="generated" points="2.0"/>
                <test cmd="gen_rand 400 100000 16 30" from-file="21" group="1" method="generated" points="2.0"/>
                <test cmd="gen_rand 400 100000 16 30" from-file="22" group="1" method="generated" points="2.0"/>
                <test cmd="gen_rand 400 100000 16 30" from-file="23" group="1" method="generated" points="2.0"/>
                <test cmd="gen_rand 400 100000 16 30" from-file="24" group="1" method="generated" points="2.0"/>
                <test cmd="gen_rand 400 100000 16 30" from-file="25" group="1" method="generated" points="2.0"/>
                <test cmd="gen_rand 400 100000 16 30" from-file="26" group="1" method="generated" points="2.0"/>
                <test cmd="gen_rand 400 100000 16 30" from-file="27" group="1" method="generated" points="2.0"/>
                <test cmd="gen_rand 400 100000 16 30" from-file="28" group="1" method="generated" points="2.0"/>
                <test cmd="gen_rand 400 100000 16 30" from-file="29" group="1" method="generated" points="2.0"/>
                <test cmd="gen_rand 400 100000 16 30" from-file="30" group="1" method="generated" points="2.0"/>
                <test cmd="gen_rand 100000 100000 31 50" from-file="31" group="1" method="generated" points="2.0"/>
                <test cmd="gen_rand 100000 100000 31 50" from-file="32" group="1" method="generated" points="2.0"/>
                <test cmd="gen_rand 100000 100000 31 50" from-file="33" group="1" method="generated" points="2.0"/>
                <test cmd="gen_rand 100000 100000 31 50" from-file="34" group="1" method="generated" points="2.0"/>
                <test cmd="gen_rand 100000 100000 31 50" from-file="35" group="1" method="generated" points="2.0"/>
                <test cmd="gen_rand 100000 100000 31 50" from-file="36" group="1" method="generated" points="2.0"/>
                <test cmd="gen_rand 100000 100000 31 50" from-file="37" group="1" method="generated" points="2.0"/>
                <test cmd="gen_rand 100000 100000 31 50" from-file="38" group="1" method="generated" points="2.0"/>
                <test cmd="gen_rand 100000 100000 31 50" from-file="39" group="1" method="generated" points="2.0"/>
                <test cmd="gen_rand 100000 100000 31 50" from-file="40" group="1" method="generated" points="2.0"/>
                <test cmd="gen_rand 100000 100000 31 50" from-file="41" group="1" method="generated" points="2.0"/>
                <test cmd="gen_rand 100000 100000 31 50" from-file="42" group="1" method="generated" points="2.0"/>
                <test cmd="gen_rand 100000 100000 31 50" from-file="43" group="1" method="generated" points="2.0"/>
                <test cmd="gen_rand 100000 100000 31 50" from-file="44" group="1" method="generated" points="2.0"/>
                <test cmd="gen_rand 100000 100000 31 50" from-file="45" group="1" method="generated" points="2.0"/>
                <test cmd="gen_rand 100000 100000 31 50" from-file="46" group="1" method="generated" points="2.0"/>
                <test cmd="gen_rand 100000 100000 31 50" from-file="47" group="1" method="generated" points="2.0"/>
                <test cmd="gen_rand 100000 100000 31 50" from-file="48" group="1" method="generated" points="2.0"/>
                <test cmd="gen_rand 100000 100000 31 50" from-file="49" group="1" method="generated" points="2.0"/>
                <test cmd="gen_rand 100000 100000 31 50" from-file="50" group="1" method="generated" points="2.0"/>
                <test cmd="gen_rand_max" group="1" method="generated" points="2.0"/>
                <test cmd="gen_tree_rand" group="1" method="generated" points="2.0"/>
            </tests>
            <groups>
                <group feedback-policy="complete" name="0" points-policy="each-test"/>
                <group feedback-policy="complete" name="1" points-policy="each-test"/>
            </groups>
        </testset>
    </judging>
    <files>
        <resources>
            <file path="files/jngen.h" type="h.g++"/>
            <file path="files/olymp.sty"/>
            <file path="files/problem.tex"/>
            <file path="files/statements.ftl"/>
            <file path="files/testlib.h" type="h.g++"/>
        </resources>
        <executables>
            <executable>
                <source path="files/gen_rand.cpp" type="cpp.g++17"/>
                <binary path="files/gen_rand.exe" type="exe.win32"/>
            </executable>
            <executable>
                <source path="files/gen_rand_max.cpp" type="cpp.g++17"/>
                <binary path="files/gen_rand_max.exe" type="exe.win32"/>
            </executable>
            <executable>
                <source path="files/gen_tree_rand.cpp" type="cpp.g++17"/>
                <binary path="files/gen_tree_rand.exe" type="exe.win32"/>
            </executable>
            <executable>
                <source path="files/val.cpp" type="cpp.g++17"/>
                <binary path="files/val.exe" type="exe.win32"/>
            </executable>
        </executables>
    </files>
    <assets>
        <checker name="std::yesno.cpp" type="testlib">
            <source path="files/check.cpp" type="cpp.g++17"/>
            <binary path="check.exe" type="exe.win32"/>
            <copy path="check.cpp"/>
            <testset>
                <test-count>0</test-count>
                <input-path-pattern>files/tests/checker-tests/%02d</input-path-pattern>
                <output-path-pattern>files/tests/checker-tests/%02d.o</output-path-pattern>
                <answer-path-pattern>files/tests/checker-tests/%02d.a</answer-path-pattern>
                <tests/>
            </testset>
        </checker>
        <validators>
            <validator>
                <source path="files/val.cpp" type="cpp.g++17"/>
                <binary path="files/val.exe" type="exe.win32"/>
                <testset>
                    <test-count>9</test-count>
                    <input-path-pattern>files/tests/validator-tests/%02d</input-path-pattern>
                    <tests>
                        <test verdict="valid"/>
                        <test verdict="invalid"/>
                        <test verdict="invalid"/>
                        <test verdict="invalid"/>
                        <test verdict="invalid"/>
                        <test verdict="invalid"/>
                        <test verdict="invalid"/>
                        <test verdict="invalid"/>
                        <test verdict="invalid"/>
                    </tests>
                </testset>
            </validator>
        </validators>
        <solutions>
            <solution tag="main">
                <source path="solutions/perveevm_ac.cpp" type="cpp.g++17"/>
                <binary path="solutions/perveevm_ac.exe" type="exe.win32"/>
            </solution>
            <solution tag="accepted">
                <source path="solutions/perveevm_dfs.cpp" type="cpp.g++17"/>
                <binary path="solutions/perveevm_dfs.exe" type="exe.win32"/>
            </solution>
            <solution tag="wrong-answer">
                <source path="solutions/perveevm_no.cpp" type="cpp.g++17"/>
                <binary path="solutions/perveevm_no.exe" type="exe.win32"/>
            </solution>
        </solutions>
    </assets>
    <properties>
        <property name="tests-wellformed" value="true"/>
    </properties>
    <stresses>
        <stress-count>0</stress-count>
        <stress-path-pattern>stresses/%03d</stress-path-pattern>
        <list/>
    </stresses>
    <tags>
        <tag value="graphs"/>
        <tag value="trees"/>
        <tag value="very easy"/>
    </tags>
</problem>
