{"scoring":"%\\renewcommand{\\arraystretch}{1.5}\r\n%\\begin{tabular}{|c|c|c|c|c|}\r\n%\\hline\r\n%Подзадача & Баллы & Ограничения & Оценка & Необх. подзадачи\r\n%\\\\ \\hline\r\n%0   & 0 & Тесты из условия & подзадача & {---}\r\n%\\\\ \\hline\r\n%1   & 20 & $1 \\le n \\le 8$ & подзадача & {---}\r\n%\\\\ \\hline\r\n%2   & 40 & $1 \\le n \\le 10^{5}$, $p = 1$ & подзадача & {---}\r\n%\\\\ \\hline\r\n%3   & 40 & $1 \\le n \\le 10^{5}$, $p = 2$ & подзадача & {---}\r\n%\\\\ \\hline\r\n%\\end{tabular}\r\n\\includegraphics{scoreB.png}","notes":"В первом примере есть всего одна группа школьников, недовольство которой равно $|1 - 1| = 0$.\r\n\r\nВо втором примере недовольство первой группы равно $(2 - 1)^2 = 1$, а недовольство второй группы равно $(1 - 2)^2 = 1$. Суммарное недовольство смены равно $2$.","legend":"В одном замечательном образовательном центре параллельно проходят две смены. В одной учатся математики, а в другой~--- информатики. Как известно, если заниматься только учебой, могут появиться проблемы со здоровьем, поэтому ребята каждый день делают зарядку.\r\n\r\nЕсть $n$ групп школьников, $i$-я группа хочет, чтобы их зарядка проходила в момент времени $t_i$. При этом зарядки могут быть проведены в моменты времени $1, 2, 3, \\ldots, n$. Никакие две группы не могут заниматься одновременно.\r\n\r\nОпределим \\textit{недовольство} $i$-й группы информатиков как $|t_i - j|$, если они попали на зарядку в момент времени $j$. Также пусть \\textit{недовольство} $i$-й группы математиков равно $(t_i - j)^{2}$.\r\n\r\nНазовем \\textit{недовольством смены} сумму недовольств групп. Добрые тьюторы, конечно же, подготовили расписание так, чтобы недовольство смены было минимально, однако злые духи все испортили и сделали расписание таким, что недовольство смены максимально. Как может выглядеть расписание сейчас?\r\n\r\nДругими словами, найдите любое из расписаний таких, что недовольство смены максимально.","authorLogin":"Happy_Stove","language":"russian","timeLimit":2000,"output":"В единственной строке нужно вывести $n$ чисел, где $i$-е число~--- это момент времени, когда $i$-я группа попадет на зарядку. \\textit{Недовольство смены} относительно данного расписания должно быть максимально. Если решений несколько, выведите любое из них.","inputFile":"stdin","outputFile":"stdout","input":"В первой строке вводятся целые числа $n$ и $p$ ($1 \\le n \\le 10^{5}$, $p \\in \\{1, 2\\}$), где $n$~--- это количество групп, $p = 1$, если это смена по информатике, и $p = 2$, если это смена по математике.\r\n\r\nВо второй строке вводятся $n$ чисел, где $i$-е число равно $t_i$ ($1 \\le t_i \\le n$)~--- моменту времени, в который $i$-я группа хочет попасть на зарядку.","authorName":"Ilya Pechersky","sampleTests":[{"output":"1 ","input":"1 1\r\n1\r\n","inputFile":"example.01","outputFile":"example.01.a"},{"output":"1 2 ","input":"2 2\r\n2 1\r\n","inputFile":"example.02","outputFile":"example.02.a"}],"name":"Все мы любим зарядку...","interaction":null,"memoryLimit":268435456,"tutorial":""}