{"scoring":"В этой задаче 52 теста, из них 2 теста являются примерами из условия и стоят 0 баллов, остальные 50 тестов оцениваются независимо и стоят по 2 балла каждый.","notes":"Граф из второго примера является циклом на трех вершинах, поэтому он не является деревом.","legend":"Мальчик Леша сходил на занятие по использованию системы Polygon (thanks to \\textbf{MikeMirzayanov}) и решил подготовить в этой замечательной системе задачу, чтобы закрепить приобретенные навыки на практике.\r\n\r\nКак вы можете знать, одной из частей подготовки задачи является написание \\textit{валидатора}. Валидатор~--- это специальная программа, которая проверяет тесты на соответствие ограничениям задачи. Иногда написание валидатора само является интересной задачей.\r\n\r\nВ задаче Леши участникам дается дерево, и их просят посчитать... впрочем, это неважно. Сейчас Лешу заботит, что ему в валидаторе нужно проверить, что граф действительно является деревом. Леша знает, что \\textit{дерево}~--- это связный граф без циклов. Проверить граф на связность легко, а вот проверка на отсутствие циклов ставит Лешу в тупик. Можете помочь Леше и проверить, что данный вам связный граф не содержит циклов?","authorLogin":"perveevm","language":"russian","timeLimit":1000,"output":"В единственной строке выведите \\texttt{<<YES>>} (без кавычек), если граф не содержит циклов, и \\texttt{<<NO>>} (без кавычек) иначе.","inputFile":"stdin","outputFile":"stdout","input":"В первой строке записаны два целых числа $n$ и $m$ ($1 \\le n \\le 10^{5}$, $0 \\le m \\le 10^{5}$)~--- количество вершин и ребер графа, соответственно.\r\n\r\nВ следующих $m$ строках описаны ребра графа, по одному в строке. Описание каждого ребра состоит из двух чисел $v$ $u$ ($1 \\le v, u \\le n$, $v \\ne u$)~--- концов ребра.\r\n\r\nГарантируется, что в графе нет петель и кратных ребер. Гарантируется, что граф является связным. ","authorName":"Mike Perveev","sampleTests":[{"output":"YES\r\n","input":"5 4\r\n1 2\r\n1 3\r\n2 4\r\n2 5\r\n","inputFile":"example.01","outputFile":"example.01.a"},{"output":"NO\r\n","input":"3 3\r\n1 2\r\n1 3\r\n2 3\r\n","inputFile":"example.02","outputFile":"example.02.a"}],"name":"Валидатор","interaction":null,"memoryLimit":268435456,"tutorial":""}