<?xml version="1.0" encoding="utf-8" standalone="no"?>
<problem revision="35" short-name="matryoshka" url="https://polygon.codeforces.com/p7rRyTp/index_/matryoshka">
    <names>
        <name language="russian" value="Matryoshka"/>
    </names>
    <statements>
        <statement charset="UTF-8" language="russian" mathjax="true" path="statements/russian/problem.tex" type="application/x-tex"/>
        <statement charset="UTF-8" language="russian" mathjax="true" path="statements/.html/russian/problem.html" type="text/html"/>
        <statement language="russian" path="statements/.pdf/russian/problem.pdf" type="application/pdf"/>
    </statements>
    <judging cpu-name="Intel(R) Core(TM) i3-8100 CPU @ 3.60GHz" cpu-speed="3600" input-file="" output-file="">
        <testset name="tests">
            <time-limit>1000</time-limit>
            <memory-limit>268435456</memory-limit>
            <test-count>60</test-count>
            <input-path-pattern>tests/%02d</input-path-pattern>
            <answer-path-pattern>tests/%02d.a</answer-path-pattern>
            <tests>
                <test group="0" method="manual" points="0.0" sample="true"/>
                <test group="1" method="manual" points="0.0"/>
                <test group="1" method="manual" points="0.0"/>
                <test group="1" method="manual" points="0.0"/>
                <test group="1" method="manual" points="0.0"/>
                <test group="1" method="manual" points="0.0"/>
                <test group="1" method="manual" points="0.0"/>
                <test group="1" method="manual" points="0.0"/>
                <test group="1" method="manual" points="0.0"/>
                <test group="1" method="manual" points="0.0"/>
                <test group="1" method="manual" points="0.0"/>
                <test group="1" method="manual" points="0.0"/>
                <test group="1" method="manual" points="0.0"/>
                <test group="1" method="manual" points="0.0"/>
                <test group="1" method="manual" points="20.0"/>
                <test group="2" method="manual" points="0.0"/>
                <test group="2" method="manual" points="0.0"/>
                <test group="2" method="manual" points="0.0"/>
                <test group="2" method="manual" points="0.0"/>
                <test group="2" method="manual" points="0.0"/>
                <test group="2" method="manual" points="0.0"/>
                <test group="2" method="manual" points="0.0"/>
                <test group="2" method="manual" points="0.0"/>
                <test group="2" method="manual" points="0.0"/>
                <test group="2" method="manual" points="20.0"/>
                <test group="3" method="manual" points="0.0"/>
                <test group="3" method="manual" points="0.0"/>
                <test group="3" method="manual" points="0.0"/>
                <test group="3" method="manual" points="0.0"/>
                <test group="3" method="manual" points="0.0"/>
                <test group="3" method="manual" points="0.0"/>
                <test group="3" method="manual" points="0.0"/>
                <test group="3" method="manual" points="0.0"/>
                <test group="3" method="manual" points="0.0"/>
                <test group="3" method="manual" points="0.0"/>
                <test group="3" method="manual" points="0.0"/>
                <test group="3" method="manual" points="20.0"/>
                <test group="4" method="manual" points="0.0"/>
                <test group="4" method="manual" points="0.0"/>
                <test group="4" method="manual" points="0.0"/>
                <test group="4" method="manual" points="0.0"/>
                <test group="4" method="manual" points="0.0"/>
                <test group="4" method="manual" points="0.0"/>
                <test group="4" method="manual" points="0.0"/>
                <test group="4" method="manual" points="0.0"/>
                <test group="4" method="manual" points="0.0"/>
                <test group="4" method="manual" points="0.0"/>
                <test group="4" method="manual" points="0.0"/>
                <test group="4" method="manual" points="0.0"/>
                <test group="4" method="manual" points="40.0"/>
                <test group="4" method="manual" points="0.0"/>
                <test group="4" method="manual" points="0.0"/>
                <test group="4" method="manual" points="0.0"/>
                <test group="4" method="manual" points="0.0"/>
                <test group="4" method="manual" points="0.0"/>
                <test group="4" method="manual" points="0.0"/>
                <test group="4" method="manual" points="0.0"/>
                <test group="4" method="manual" points="0.0"/>
                <test group="4" method="manual" points="0.0"/>
                <test group="4" method="manual" points="0.0"/>
            </tests>
            <groups>
                <group feedback-policy="complete" name="0" points-policy="each-test"/>
                <group feedback-policy="complete" name="1" points="20.0" points-policy="complete-group"/>
                <group feedback-policy="complete" name="2" points="20.0" points-policy="complete-group">
                    <dependencies>
                        <dependency group="1"/>
                    </dependencies>
                </group>
                <group feedback-policy="complete" name="3" points="20.0" points-policy="complete-group">
                    <dependencies>
                        <dependency group="1"/>
                        <dependency group="2"/>
                    </dependencies>
                </group>
                <group feedback-policy="complete" name="4" points="40.0" points-policy="complete-group">
                    <dependencies>
                        <dependency group="1"/>
                        <dependency group="2"/>
                        <dependency group="3"/>
                    </dependencies>
                </group>
            </groups>
        </testset>
    </judging>
    <files>
        <resources>
            <file path="files/olymp.sty"/>
            <file path="files/problem.tex"/>
            <file path="files/statements.ftl"/>
            <file path="files/testlib.h" type="h.g++"/>
        </resources>
        <executables>
            <executable>
                <source path="files/matryoshkavalidator.cpp" type="cpp.g++17"/>
                <binary path="files/matryoshkavalidator.exe" type="exe.win32"/>
            </executable>
        </executables>
    </files>
    <assets>
        <checker name="std::ncmp.cpp" type="testlib">
            <source path="files/check.cpp" type="cpp.g++17"/>
            <binary path="check.exe" type="exe.win32"/>
            <copy path="check.cpp"/>
            <testset>
                <test-count>0</test-count>
                <input-path-pattern>files/tests/checker-tests/%02d</input-path-pattern>
                <output-path-pattern>files/tests/checker-tests/%02d.o</output-path-pattern>
                <answer-path-pattern>files/tests/checker-tests/%02d.a</answer-path-pattern>
                <tests/>
            </testset>
        </checker>
        <validators>
            <validator>
                <source path="files/matryoshkavalidator.cpp" type="cpp.g++17"/>
                <binary path="files/matryoshkavalidator.exe" type="exe.win32"/>
                <testset>
                    <test-count>9</test-count>
                    <input-path-pattern>files/tests/validator-tests/%02d</input-path-pattern>
                    <tests>
                        <test verdict="invalid"/>
                        <test verdict="invalid"/>
                        <test verdict="invalid"/>
                        <test verdict="valid"/>
                        <test verdict="invalid"/>
                        <test verdict="invalid"/>
                        <test verdict="invalid"/>
                        <test verdict="invalid"/>
                        <test verdict="invalid"/>
                    </tests>
                </testset>
            </validator>
        </validators>
        <solutions>
            <solution tag="main">
                <source path="solutions/matryoshka_ac.cpp" type="cpp.g++17"/>
                <binary path="solutions/matryoshka_ac.exe" type="exe.win32"/>
                <extra-tags>
                    <extra-tag group="0" tag="accepted"/>
                    <extra-tag group="1" tag="accepted"/>
                    <extra-tag group="2" tag="accepted"/>
                    <extra-tag group="3" tag="accepted"/>
                    <extra-tag group="4" tag="accepted"/>
                </extra-tags>
            </solution>
            <solution tag="time-limit-exceeded">
                <source path="solutions/matryoshka_sub1.cpp" type="cpp.g++17"/>
                <binary path="solutions/matryoshka_sub1.exe" type="exe.win32"/>
                <extra-tags>
                    <extra-tag group="0" tag="accepted"/>
                    <extra-tag group="1" tag="accepted"/>
                    <extra-tag group="2" tag="time-limit-exceeded"/>
                    <extra-tag group="3" tag="time-limit-exceeded"/>
                    <extra-tag group="4" tag="time-limit-exceeded"/>
                </extra-tags>
            </solution>
            <solution tag="time-limit-exceeded">
                <source path="solutions/matryoshka_sub2.cpp" type="cpp.g++17"/>
                <binary path="solutions/matryoshka_sub2.exe" type="exe.win32"/>
                <extra-tags>
                    <extra-tag group="0" tag="accepted"/>
                    <extra-tag group="1" tag="accepted"/>
                    <extra-tag group="2" tag="accepted"/>
                    <extra-tag group="3" tag="time-limit-exceeded"/>
                    <extra-tag group="4" tag="time-limit-exceeded"/>
                </extra-tags>
            </solution>
            <solution tag="time-limit-exceeded">
                <source path="solutions/matryoshka_sub3.cpp" type="cpp.g++17"/>
                <binary path="solutions/matryoshka_sub3.exe" type="exe.win32"/>
                <extra-tags>
                    <extra-tag group="0" tag="accepted"/>
                    <extra-tag group="1" tag="accepted"/>
                    <extra-tag group="2" tag="accepted"/>
                    <extra-tag group="3" tag="accepted"/>
                    <extra-tag group="4" tag="time-limit-exceeded"/>
                </extra-tags>
            </solution>
            <solution tag="rejected">
                <source path="solutions/python_col.py" type="python.pypy3"/>
                <binary path="solutions/python_col.pypys3" type="pythonx.pypy3"/>
            </solution>
            <solution tag="accepted">
                <source path="solutions/umnik_ac.cpp" type="cpp.g++17"/>
                <binary path="solutions/umnik_ac.exe" type="exe.win32"/>
            </solution>
            <solution tag="time-limit-exceeded">
                <source path="solutions/umnik_fact.cpp" type="cpp.g++17"/>
                <binary path="solutions/umnik_fact.exe" type="exe.win32"/>
            </solution>
            <solution tag="time-limit-exceeded-or-accepted">
                <source path="solutions/umnik_fact2.cpp" type="cpp.g++17"/>
                <binary path="solutions/umnik_fact2.exe" type="exe.win32"/>
            </solution>
            <solution tag="wrong-answer">
                <source path="solutions/umnik_fact_tl1.cpp" type="cpp.g++17"/>
                <binary path="solutions/umnik_fact_tl1.exe" type="exe.win32"/>
            </solution>
            <solution tag="time-limit-exceeded-or-accepted">
                <source path="solutions/umnik_fact_tl2.cpp" type="cpp.g++17"/>
                <binary path="solutions/umnik_fact_tl2.exe" type="exe.win32"/>
            </solution>
        </solutions>
    </assets>
    <properties>
        <property name="tests-wellformed" value="true"/>
    </properties>
    <stresses>
        <stress-count>0</stress-count>
        <stress-path-pattern>stresses/%03d</stress-path-pattern>
        <list/>
    </stresses>
    <tags>
        <tag value="binary search"/>
        <tag value="brute force"/>
        <tag value="math"/>
        <tag value="number theory"/>
    </tags>
</problem>
